IPEDS ID,University Name,SAT RW 25th 2018,SAT RW 75th 2018,SAT Math 25th 2018,SAT Math 75th 2018,ACT 25th 2018,ACT 75th 2018,Adm Yield 2018,Applicants total_2018,SAT RW 25th 2019,SAT RW 75th 2019,SAT Math 25th 2019,SAT Math 75th 2019,ACT 25th 2019,ACT 75th 2019,Adm Yield 2019,Applicants total_2019,SAT RW 25th 2020,SAT RW 75th 2020,SAT Math 25th 2020,SAT Math 75th 2020,ACT 25th 2020,ACT 75th 2020,Adm Yield 2020,Applicants total_2020,SAT RW 25th 2021,SAT RW 75th 2021,SAT Math 25th 2021,SAT Math 75th 2021,ACT 25th 2021,ACT 75th 2021,Adm Yield 2021,Applicants total_2021,SAT RW 25th 2022,SAT RW 75th 2022,SAT Math 25th 2022,SAT Math 75th 2022,ACT 25th 2022,ACT 75th 2022,Adm Yield 2022,Applicants total_2022,Rank_1984,Rank_1986,Rank_1988,Rank_1989,Rank_1990,Rank_1991,Rank_1992,Rank_1993,Rank_1994,Rank_1995,Rank_1996,Rank_1997,Rank_1998,Rank_1999,Rank_2000,Rank_2001,Rank_2002,Rank_2003,Rank_2004,Rank_2005,Rank_2006,Rank_2007,Rank_2008,Rank_2009,Rank_2010,Rank_2011,Rank_2012,Rank_2013,Rank_2014,Rank_2015,Rank_2016,Rank_2017,Rank_2018,Rank_2019,Rank_2020,Rank_2021,Rank_2022,Rank_2023
100663.0,University of Alabama-Birmingham,,,,,,,,,,,,,,,,,,,,,,,,,,,,,,,,,610.0,690.0,590.0,720.0,23.0,30.0,26.0,9947.0,,,,,,,,,,,,,,,,,,,,,,,,,,,,,,,,,,,,,148.0,137.0
100751.0,University of Alabama,540.0,640.0,520.0,640.0,23.0,31.0,30.0,37302.0,550.0,660.0,530.0,680.0,23.0,31.0,21.0,38505.0,540.0,660.0,530.0,670.0,23.0,31.0,20.0,39560.0,,,,,,,,,570.0,690.0,560.0,720.0,23.0,31.0,19.0,54072.0,,,,,,,,,,,,,,,,,,,,,,,91.0,83.0,96.0,79.0,75.0,77.0,86.0,88.0,96.0,103.0,110.0,129.0,153.0,,148.0,137.0
100858.0,Auburn University,580.0,650.0,570.0,660.0,25.0,30.0,31.0,20742.0,580.0,650.0,570.0,670.0,25.0,31.0,29.0,20205.0,590.0,650.0,570.0,670.0,25.0,31.0,32.0,17946.0,,,,,,,,,610.0,680.0,610.0,700.0,24.0,30.0,27.0,45693.0,,,,,,,,,,,,,,,,,,,,,,,96.0,96.0,88.0,85.0,82.0,89.0,91.0,103.0,102.0,99.0,103.0,115.0,107.0,,99.0,97.0
102049.0,Samford University,,,,,,,,,,,,,,,,,,,,,,,,,,,,,,,,,550.0,650.0,530.0,620.0,23.0,29.0,27.0,4337.0,,,,,,,,,,,,,,,,,,,,,,,,,,,,,,,,,,,,,136.0,127.0
104151.0,Arizona State University-Tempe,570.0,670.0,560.0,690.0,22.0,29.0,39.0,26869.0,560.0,670.0,560.0,690.0,22.0,28.0,34.0,34188.0,550.0,650.0,550.0,670.0,21.0,28.0,27.0,53516.0,,,,,,,,,,,,,,,25.0,68789.0,,,,,,,,,,,,,,,,,,,,,,,124.0,121.0,121.0,143.0,132.0,139.0,142.0,129.0,129.0,129.0,115.0,115.0,117.0,,117.0,121.0
104179.0,University of Arizona,540.0,650.0,530.0,660.0,21.0,28.0,23.0,39941.0,560.0,670.0,550.0,690.0,21.0,29.0,22.0,40854.0,550.0,660.0,540.0,690.0,21.0,29.0,20.0,43540.0,,,,,,,,,570.0,680.0,570.0,690.0,21.0,29.0,20.0,52091.0,,,,,,,,,,,,,,,,,,,,,,,96.0,96.0,102.0,120.0,124.0,120.0,119.0,121.0,121.0,124.0,124.0,106.0,117.0,,103.0,105.0
106397.0,University of Arkansas,560.0,650.0,540.0,640.0,23.0,29.0,35.0,18732.0,570.0,650.0,550.0,650.0,23.0,30.0,33.0,17913.0,550.0,640.0,540.0,640.0,23.0,29.0,31.0,19777.0,,,,,,,,,,,,,,,,,,,,,,,,,,,,,,,,,,,,,,,124.0,125.0,128.0,132.0,132.0,134.0,128.0,135.0,129.0,135.0,133.0,147.0,153.0,,,
110404.0,California Institute of Technology,740.0,780.0,790.0,800.0,35.0,36.0,43.0,8208.0,740.0,760.0,790.0,800.0,35.0,36.0,44.0,8367.0,740.0,780.0,790.0,800.0,35.0,36.0,42.0,8007.0,,,,,,,53.0,13026.0,,,,,,,50.0,16626.0,12.0,,21.0,3.0,4.0,5.0,4.0,5.0,5.0,7.0,7.0,9.0,9.0,9.0,1.0,4.0,4.0,4.0,5.0,8.0,7.0,4.0,5.0,6.0,4.0,7.0,5.0,10.0,10.0,10.0,10.0,12.0,10.0,12.0,12.0,9.0,9.0,9.0
110583.0,California State University-Long Beach,,,,,,,,,,,,,,,,,,,,,,,,,,,,,,,,,,,,,,,,,,,,,,,,,,,,,,,,,,,,,,,,,,,,,,,,,,,,,,137.0
110635.0,University of California-Berkeley,650.0,740.0,670.0,790.0,31.0,35.0,45.0,89607.0,650.0,740.0,680.0,790.0,31.0,35.0,45.0,87847.0,650.0,740.0,660.0,790.0,30.0,35.0,40.0,88062.0,,,,,,,43.0,112843.0,,,,,,,46.0,128209.0,5.0,7.0,5.0,24.0,13.0,13.0,16.0,16.0,19.0,23.0,26.0,27.0,23.0,22.0,20.0,20.0,20.0,20.0,21.0,21.0,20.0,21.0,21.0,21.0,21.0,22.0,21.0,21.0,20.0,20.0,20.0,20.0,21.0,22.0,22.0,22.0,22.0,20.0
110644.0,University of California-Davis,580.0,670.0,580.0,730.0,24.0,32.0,20.0,78022.0,580.0,680.0,590.0,730.0,24.0,32.0,20.0,78093.0,570.0,670.0,590.0,730.0,25.0,33.0,17.0,76897.0,,,,,,,18.0,87120.0,,,,,,,18.0,94747.0,,,,,,,,,,,40.0,40.0,41.0,44.0,42.0,41.0,41.0,43.0,43.0,42.0,48.0,47.0,42.0,44.0,42.0,39.0,38.0,38.0,39.0,38.0,41.0,44.0,46.0,38.0,39.0,39.0,38.0,38.0
110653.0,University of California-Irvine,580.0,670.0,610.0,740.0,25.0,33.0,21.0,95059.0,570.0,670.0,600.0,750.0,24.0,33.0,24.0,95565.0,600.0,680.0,630.0,750.0,26.0,33.0,20.0,97938.0,,,,,,,21.0,107950.0,,,,,,,22.0,119191.0,,,,,,,,,,,48.0,37.0,41.0,36.0,49.0,41.0,41.0,45.0,45.0,43.0,40.0,44.0,44.0,44.0,46.0,41.0,45.0,44.0,49.0,42.0,39.0,39.0,42.0,33.0,36.0,35.0,36.0,34.0
110662.0,University of California-Los Angeles,650.0,740.0,640.0,780.0,30.0,34.0,39.0,113754.0,650.0,740.0,650.0,790.0,29.0,35.0,43.0,111321.0,,,,,,,41.0,108870.0,,,,,,,44.0,139489.0,,,,,,,50.0,149801.0,,,,21.0,16.0,17.0,23.0,23.0,22.0,,28.0,31.0,28.0,25.0,25.0,25.0,26.0,25.0,26.0,25.0,25.0,26.0,25.0,25.0,24.0,25.0,25.0,24.0,23.0,23.0,23.0,24.0,21.0,19.0,20.0,20.0,20.0,20.0
110671.0,University of California-Riverside,560.0,650.0,550.0,680.0,23.0,29.0,18.0,49079.0,570.0,650.0,560.0,680.0,23.0,30.0,17.0,49515.0,540.0,630.0,540.0,650.0,22.0,31.0,15.0,49442.0,,,,,,,,,,,,,,,15.0,54683.0,,,,,,,,,,,,,,,,,,,,,,,96.0,89.0,96.0,94.0,97.0,101.0,112.0,113.0,121.0,118.0,124.0,85.0,91.0,,83.0,89.0
110680.0,University of California-San Diego,620.0,700.0,640.0,770.0,27.0,33.0,23.0,97894.0,620.0,710.0,630.0,780.0,26.0,34.0,19.0,99114.0,620.0,710.0,650.0,770.0,28.0,34.0,18.0,100062.0,,,,,,,19.0,118386.0,,,,,,,21.0,131197.0,,,,,,,,,,,43.0,34.0,33.0,32.0,32.0,31.0,31.0,31.0,32.0,35.0,32.0,38.0,38.0,35.0,35.0,35.0,37.0,38.0,39.0,37.0,39.0,44.0,42.0,41.0,37.0,35.0,34.0,34.0
110705.0,University of California-Santa Barbara,620.0,700.0,610.0,760.0,27.0,33.0,17.0,92306.0,620.0,710.0,610.0,770.0,27.0,34.0,18.0,93446.0,620.0,710.0,610.0,750.0,28.0,34.0,15.0,90961.0,,,,,,,16.0,105641.0,,,,,,,17.0,110995.0,,,,,,,,,,,,46.0,47.0,47.0,44.0,45.0,48.0,47.0,45.0,45.0,45.0,47.0,44.0,44.0,42.0,39.0,42.0,41.0,41.0,40.0,37.0,37.0,37.0,30.0,34.0,30.0,28.0,32.0
110714.0,University of California-Santa Cruz,590.0,680.0,600.0,720.0,26.0,32.0,14.0,56586.0,600.0,670.0,600.0,710.0,26.0,32.0,13.0,55796.0,580.0,670.0,580.0,690.0,25.0,33.0,12.0,54988.0,,,,,,,,,,,,,,,12.0,65912.0,,,,,,,,,,,,,,,,,,,,,,,79.0,96.0,71.0,72.0,75.0,77.0,86.0,85.0,82.0,79.0,81.0,70.0,84.0,,103.0,83.0
111948.0,Chapman University,,,,,,,,,,,,,,,,,,,,,,,,,,,,,,,,,600.0,700.0,600.0,700.0,26.0,31.0,21.0,13690.0,,,,,,,,,,,,,,,,,,,,,,,,,,,,,,,,,,,,,117.0,121.0
117140.0,University of La Verne,,,,,,,,,,,,,,,,,,,,,,,,,,,,,,,,,510.0,650.0,460.0,653.0,18.0,25.0,15.0,6172.0,,,,,,,,,,,,,,,,,,,,,,,,,,,,,,,,,,,,,136.0,
117946.0,Loyola Marymount University,,,,,,,,,,,,,,,,,,,,,,,,,,,,,,,,,650.0,720.0,650.0,740.0,29.0,32.0,18.0,21695.0,,,,,,,,,,,,,,,,,,,,,,,,,,,,,,,,,,,,,75.0,77.0
120883.0,University of the Pacific,560.0,660.0,560.0,690.0,22.0,30.0,11.0,13545.0,550.0,660.0,570.0,700.0,23.0,31.0,9.0,13096.0,540.0,660.0,540.0,680.0,22.0,30.0,7.0,14063.0,,,,,,,,,560.0,680.0,560.0,743.0,25.0,33.0,15.0,5891.0,,,,,,,,,,,,,,,,,,,,,,,96.0,102.0,115.0,99.0,101.0,106.0,112.0,116.0,108.0,111.0,110.0,106.0,125.0,,136.0,
121150.0,Pepperdine University,610.0,690.0,610.0,730.0,26.0,32.0,20.0,11265.0,610.0,700.0,620.0,750.0,27.0,32.0,18.0,12764.0,600.0,690.0,600.0,720.0,26.0,31.0,15.0,11634.0,630.0,710.0,630.0,730.0,25.0,30.0,16.0,11855.0,650.0,730.0,635.0,750.0,28.0,32.0,17.0,11466.0,,,,,,,,,,,,,,,,49.0,48.0,47.0,51.0,52.0,55.0,54.0,54.0,56.0,58.0,53.0,55.0,54.0,57.0,54.0,52.0,50.0,46.0,46.0,50.0,49.0,49.0,55.0
122409.0,San Diego State University,,,,,,,,,,,,,,,,,,,,,,,,,,,,,,,,,,,,,,,22.0,77250.0,,,,,,,,,,,,,,,,,,,,,,,,,,,,,,,,,,,,,148.0,
122436.0,University of San Diego,600.0,670.0,590.0,690.0,25.0,30.0,19.0,13287.0,600.0,680.0,590.0,690.0,26.0,31.0,17.0,13755.0,,,,,,,13.0,13171.0,,,,,,,,,,,,,,,16.0,14334.0,,,,,,,,,,,,,,,,,,,,,,,107.0,102.0,110.0,94.0,97.0,92.0,91.0,95.0,89.0,86.0,90.0,85.0,91.0,,93.0,97.0
122612.0,University of San Francisco,,,,,,,,,,,,,,,,,,,,,,,,,,,,,,,,,610.0,700.0,600.0,710.0,27.0,31.0,9.0,23103.0,,,,,,,,,,,,,,,,,,,,,,,,,,,,,,,,,,,,,103.0,105.0
122931.0,Santa Clara University,,,,,,,,,,,,,,,,,,,,,,,,,,,,,,,,,640.0,720.0,650.0,760.0,29.0,33.0,19.0,16650.0,,,,,,,,,,,,,,,,,,,,,,,,,,,,,,,,,,,,,55.0,55.0
123961.0,University of Southern California,660.0,740.0,690.0,790.0,30.0,34.0,41.0,64352.0,670.0,740.0,690.0,790.0,31.0,34.0,42.0,66198.0,660.0,740.0,680.0,790.0,30.0,34.0,36.0,59712.0,690.0,750.0,720.0,790.0,32.0,35.0,41.0,71031.0,710.0,760.0,740.0,790.0,32.0,35.0,41.0,69062.0,,,,,,,,,,,44.0,43.0,41.0,41.0,42.0,35.0,34.0,31.0,30.0,30.0,30.0,27.0,27.0,27.0,26.0,23.0,23.0,24.0,23.0,25.0,23.0,23.0,21.0,22.0,22.0,24.0,27.0,25.0
126614.0,University of Colorado-Boulder,580.0,670.0,570.0,690.0,25.0,31.0,22.0,36604.0,580.0,670.0,560.0,690.0,25.0,31.0,22.0,40677.0,570.0,670.0,560.0,680.0,25.0,31.0,17.0,44203.0,,,,,,,,,590.0,690.0,570.0,700.0,26.0,32.0,16.0,53781.0,,,,,,,,,,,,,,,,,,,,,,,79.0,77.0,77.0,86.0,94.0,97.0,86.0,88.0,89.0,92.0,90.0,96.0,104.0,,99.0,97.0
126775.0,Colorado School of Mines,630.0,710.0,660.0,740.0,28.0,33.0,19.0,12661.0,620.0,710.0,540.0,750.0,27.0,33.0,21.0,11756.0,620.0,700.0,650.0,740.0,28.0,33.0,18.0,12044.0,,,,,,,,,650.0,728.0,680.0,760.0,30.0,33.0,24.0,10886.0,,,,,,,,,,,,,,,,,,,,,,,75.0,80.0,77.0,72.0,75.0,77.0,91.0,88.0,75.0,82.0,75.0,80.0,84.0,,83.0,89.0
126818.0,Colorado State University,540.0,640.0,530.0,640.0,23.0,28.0,26.0,24496.0,540.0,650.0,530.0,640.0,23.0,29.0,23.0,28319.0,540.0,640.0,530.0,640.0,23.0,29.0,19.0,28843.0,,,,,,,,,550.0,650.0,530.0,640.0,23.0,29.0,19.0,33122.0,,,,,,,,,,,,,,,,,,,,,,,124.0,125.0,128.0,124.0,128.0,134.0,121.0,121.0,127.0,129.0,124.0,140.0,166.0,,148.0,
127060.0,University of Denver,590.0,690.0,580.0,680.0,26.0,31.0,13.0,20475.0,590.0,670.0,580.0,680.0,26.0,31.0,11.0,21028.0,590.0,680.0,580.0,680.0,26.0,31.0,10.0,22723.0,,,,,,,,,620.0,710.0,600.0,690.0,28.0,32.0,11.0,19342.0,,,,,,,,,,,,,,,,,,,,,,,85.0,89.0,84.0,86.0,82.0,83.0,91.0,88.0,86.0,86.0,87.0,96.0,97.0,,93.0,105.0
129020.0,University of Connecticut,,,,,,,,,,,,,,,,,,,,,,,,,,,,,,,,,610.0,710.0,610.0,730.0,28.0,33.0,18.0,40894.0,,,,,,,,,,,,,,,,,,,,,,,64.0,66.0,66.0,69.0,58.0,63.0,57.0,58.0,,,,,,,63.0,67.0
129242.0,Fairfield University,,,,,,,,,,,,,,,,,,,,,,,,,,,,,,,,,,,,,,,,,,,,,,,,,,,,,,,,,,,,,,,,,,,,,,,,,,,,,,115.0
130226.0,Quinnipiac University,,,,,,,,,,,,,,,,,,,,,,,,,,,,,,,,,570.0,650.0,550.0,650.0,24.0,29.0,10.0,18668.0,,,,,,,,,,,,,,,,,,,,,,,,,,,,,,,,,,,,,148.0,
130794.0,Yale University,720.0,770.0,740.0,800.0,33.0,35.0,70.0,35301.0,720.0,770.0,740.0,800.0,33.0,35.0,69.0,36844.0,720.0,780.0,740.0,800.0,33.0,35.0,55.0,35220.0,730.0,780.0,750.0,800.0,33.0,35.0,71.0,47240.0,740.0,780.0,760.0,800.0,33.0,35.0,68.0,50060.0,3.0,2.0,3.0,1.0,1.0,3.0,2.0,3.0,3.0,3.0,2.0,1.0,3.0,1.0,4.0,2.0,2.0,2.0,3.0,3.0,3.0,3.0,3.0,3.0,3.0,3.0,3.0,3.0,3.0,3.0,3.0,3.0,3.0,3.0,3.0,4.0,5.0,3.0
130943.0,University of Delaware,590.0,670.0,570.0,680.0,25.0,30.0,26.0,27691.0,580.0,670.0,580.0,680.0,24.0,30.0,24.0,26866.0,580.0,660.0,570.0,670.0,25.0,30.0,19.0,33656.0,,,,,,,,,600.0,680.0,590.0,680.0,26.0,31.0,19.0,35362.0,,,,,,,,,,,,,,,,,,,,,,,71.0,71.0,68.0,75.0,75.0,75.0,75.0,76.0,75.0,79.0,81.0,89.0,91.0,,93.0,89.0
131159.0,American University,630.0,700.0,590.0,680.0,27.0,31.0,29.0,18984.0,620.0,700.0,590.0,690.0,27.0,31.0,26.0,18545.0,630.0,710.0,590.0,680.0,27.0,32.0,21.0,20036.0,,,,,,,,,660.0,730.0,630.0,700.0,29.0,32.0,22.0,19510.0,,,,,,,,,,,,,,,,,,,,,,,85.0,83.0,84.0,79.0,82.0,77.0,75.0,71.0,72.0,71.0,69.0,78.0,77.0,,79.0,72.0
131283.0,Catholic University of America,,,,,,,16.0,6096.0,,,,,,,17.0,5668.0,,,,,,,12.0,6258.0,,,,,,,,,,,,,,,15.0,5801.0,,,,,,,,,,,,,,,,,,,,,,,112.0,116.0,121.0,120.0,119.0,120.0,121.0,116.0,123.0,124.0,120.0,129.0,139.0,,136.0,
131450.0,Gallaudet University,,,,,,,,,,,,,,,,,,,,,,,,,,,,,,,,,370.0,572.0,382.0,517.0,14.0,20.0,72.0,380.0,,,,,,,,,,,,,,,,,,,,,,,,,,,,,,,,,,,,,127.0,127.0
131469.0,George Washington University,640.0,720.0,640.0,740.0,29.0,32.0,26.0,26512.0,630.0,720.0,650.0,750.0,30.0,33.0,24.0,26978.0,640.0,720.0,630.0,730.0,30.0,33.0,17.0,26405.0,,,,,,,,,670.0,740.0,660.0,750.0,31.0,34.0,22.0,27266.0,,,,,,,,,,,,46.0,,50.0,,,,,51.0,52.0,53.0,52.0,54.0,53.0,53.0,51.0,50.0,51.0,52.0,54.0,57.0,56.0,56.0,63.0,70.0,,63.0,62.0
131496.0,Georgetown University,680.0,750.0,690.0,780.0,31.0,34.0,49.0,22872.0,690.0,760.0,690.0,790.0,31.0,35.0,48.0,22764.0,690.0,760.0,690.0,790.0,31.0,35.0,45.0,21190.0,700.0,770.0,710.0,780.0,32.0,35.0,48.0,27629.0,700.0,770.0,710.0,790.0,32.0,35.0,49.0,26638.0,,,,17.0,25.0,19.0,19.0,17.0,17.0,25.0,21.0,23.0,21.0,20.0,23.0,23.0,22.0,24.0,23.0,25.0,23.0,23.0,23.0,23.0,23.0,21.0,22.0,21.0,20.0,21.0,21.0,20.0,20.0,22.0,24.0,23.0,23.0,22.0
131520.0,Howard University,590.0,650.0,550.0,635.0,22.0,27.0,23.0,20946.0,580.0,650.0,550.0,630.0,22.0,27.0,25.0,21006.0,580.0,640.0,550.0,620.0,22.0,26.0,25.0,24325.0,,,,,,,,,540.0,650.0,510.0,640.0,20.0,26.0,24.0,19188.0,,,,,,,,,,,,,,,,,,,,,,,96.0,102.0,96.0,104.0,111.0,120.0,142.0,145.0,135.0,124.0,110.0,89.0,104.0,,83.0,89.0
132903.0,University of Central Florida,,,,,,,,,,,,,,,,,,,,,,,,,,,,,,,,,610.0,680.0,590.0,680.0,25.0,29.0,33.0,54977.0,,,,,,,,,,,,,,,,,,,,,,,,,,,,,,,,,,,,,148.0,137.0
134097.0,Florida State University,610.0,680.0,590.0,670.0,26.0,30.0,34.0,50314.0,610.0,670.0,590.0,670.0,26.0,30.0,34.0,58936.0,620.0,680.0,600.0,670.0,27.0,31.0,29.0,63691.0,,,,,,,,,620.0,690.0,590.0,680.0,26.0,31.0,31.0,78088.0,,,,,,,,,,,,,,,,,,,,,,,112.0,102.0,102.0,104.0,101.0,97.0,91.0,95.0,96.0,92.0,81.0,70.0,57.0,,55.0,55.0
134130.0,University of Florida,640.0,710.0,640.0,730.0,27.0,32.0,45.0,38905.0,650.0,720.0,660.0,750.0,28.0,33.0,47.0,40139.0,650.0,720.0,640.0,740.0,29.0,33.0,42.0,48193.0,650.0,720.0,650.0,750.0,29.0,33.0,44.0,51207.0,650.0,730.0,650.0,760.0,28.0,33.0,44.0,64473.0,,,,,,,,,,,47.0,,,,49.0,,,,48.0,50.0,50.0,47.0,49.0,49.0,47.0,53.0,58.0,54.0,49.0,48.0,47.0,50.0,42.0,35.0,34.0,30.0,28.0,29.0
135726.0,University of Miami,620.0,690.0,630.0,740.0,29.0,32.0,21.0,34281.0,630.0,700.0,640.0,740.0,29.0,32.0,21.0,38920.0,620.0,700.0,630.0,720.0,28.0,32.0,18.0,40131.0,650.0,720.0,660.0,740.0,30.0,33.0,23.0,42244.0,650.0,730.0,660.0,750.0,30.0,33.0,25.0,49169.0,,,,,,,,,,,,,,,,,,,,,,,52.0,51.0,50.0,47.0,38.0,44.0,47.0,48.0,51.0,44.0,46.0,53.0,57.0,49.0,55.0,55.0
137351.0,University of South Florida,,,,,,,,,,,,,,,,,,,,,,,,,,,,,,,,,580.0,660.0,560.0,670.0,24.0,29.0,24.0,65568.0,,,,,,,,,,,,,,,,,,,,,,,,,,,,,,,,,,,,,103.0,97.0
139658.0,Emory University,660.0,730.0,690.0,790.0,31.0,34.0,28.0,27559.0,670.0,740.0,690.0,790.0,31.0,34.0,29.0,30017.0,680.0,740.0,700.0,790.0,31.0,34.0,25.0,28211.0,690.0,750.0,730.0,790.0,32.0,34.0,34.0,33435.0,700.0,760.0,730.0,790.0,32.0,34.0,38.0,33179.0,,,25.0,22.0,,,,21.0,25.0,16.0,17.0,19.0,9.0,16.0,18.0,18.0,18.0,18.0,18.0,20.0,20.0,18.0,17.0,18.0,17.0,20.0,20.0,20.0,20.0,21.0,21.0,20.0,21.0,22.0,21.0,21.0,21.0,22.0
139755.0,Georgia Institute of Technology,680.0,750.0,710.0,790.0,31.0,34.0,41.0,35644.0,630.0,730.0,670.0,780.0,29.0,34.0,41.0,36856.0,670.0,740.0,700.0,790.0,31.0,35.0,37.0,40852.0,630.0,730.0,680.0,770.0,30.0,34.0,49.0,44048.0,670.0,760.0,700.0,790.0,31.0,35.0,42.0,50610.0,,,,,,,,,,,42.0,48.0,41.0,46.0,40.0,35.0,41.0,38.0,37.0,41.0,37.0,38.0,35.0,35.0,35.0,35.0,36.0,36.0,36.0,36.0,36.0,34.0,34.0,35.0,29.0,35.0,38.0,44.0
139959.0,University of Georgia,630.0,700.0,610.0,710.0,27.0,32.0,45.0,26164.0,630.0,700.0,610.0,720.0,27.0,32.0,41.0,29285.0,630.0,720.0,620.0,740.0,29.0,33.0,41.0,28206.0,640.0,720.0,630.0,730.0,29.0,33.0,37.0,39229.0,620.0,710.0,600.0,710.0,27.0,32.0,37.0,39320.0,,,,,,,,,,,,,,,,,,,,,,,59.0,58.0,58.0,56.0,62.0,63.0,60.0,62.0,61.0,56.0,54.0,46.0,50.0,47.0,48.0,49.0
144050.0,University of Chicago,720.0,770.0,750.0,800.0,33.0,35.0,77.0,32283.0,730.0,770.0,770.0,800.0,33.0,35.0,81.0,34641.0,730.0,770.0,770.0,800.0,34.0,35.0,74.0,34350.0,740.0,780.0,770.0,800.0,33.0,35.0,83.0,37974.0,740.0,780.0,760.0,800.0,34.0,35.0,85.0,37522.0,6.0,5.0,8.0,10.0,9.0,11.0,10.0,9.0,9.0,10.0,11.0,12.0,14.0,14.0,13.0,10.0,9.0,12.0,13.0,14.0,15.0,9.0,9.0,8.0,8.0,9.0,5.0,4.0,5.0,4.0,4.0,3.0,3.0,3.0,6.0,6.0,6.0,6.0
144740.0,DePaul University,,,,,,,,,,,,,,,,,,,,,,,,,,,,,,,,,550.0,660.0,520.0,640.0,24.0,30.0,13.0,31785.0,,,,,,,,,,,,,,,,,,,,,,,,,,,,,,,,,,,,,127.0,137.0
145600.0,University of Illinois-Chicago,,,,,,,,,,,,,,,,,,,,,,,,,,,,,,,,,560.0,660.0,550.0,680.0,24.0,30.0,23.0,23562.0,,,,,,,,,,,,,,,,,,,,,,,,,,,,,,,,,,,,,103.0,97.0
145637.0,University of Illinois-Urbana-Champaign,600.0,690.0,600.0,770.0,26.0,32.0,31.0,39406.0,600.0,700.0,610.0,770.0,26.0,32.0,30.0,43509.0,590.0,690.0,610.0,770.0,27.0,33.0,27.0,43473.0,640.0,730.0,680.0,780.0,29.0,34.0,29.0,47593.0,650.0,730.0,670.0,780.0,29.0,34.0,28.0,63257.0,8.0,,20.0,,,,,,,,45.0,50.0,45.0,42.0,34.0,41.0,36.0,38.0,40.0,37.0,42.0,41.0,38.0,40.0,39.0,47.0,45.0,46.0,41.0,42.0,41.0,44.0,52.0,46.0,48.0,47.0,47.0,41.0
145725.0,Illinois Institute of Technology,600.0,680.0,620.0,720.0,26.0,31.0,21.0,4957.0,570.0,670.0,620.0,730.0,26.0,32.0,19.0,5049.0,570.0,670.0,630.0,720.0,26.0,32.0,17.0,5033.0,,,,,,,,,610.0,680.0,610.0,730.0,28.0,32.0,14.0,7243.0,,,,,,,,,,,,,,,,,,,,,,,96.0,102.0,106.0,111.0,111.0,113.0,109.0,116.0,108.0,103.0,103.0,96.0,117.0,,122.0,127.0
146719.0,Loyola University Chicago,570.0,660.0,550.0,650.0,25.0,30.0,16.0,25122.0,570.0,660.0,560.0,660.0,25.0,30.0,15.0,25583.0,570.0,660.0,560.0,670.0,25.0,31.0,12.0,25453.0,,,,,,,,,600.0,690.0,580.0,680.0,27.0,31.0,9.0,40909.0,,,,,,,,,,,,,,,,,,,,,,,112.0,116.0,119.0,117.0,119.0,106.0,101.0,106.0,99.0,99.0,103.0,89.0,104.0,,103.0,115.0
147767.0,Northwestern University,700.0,760.0,730.0,790.0,33.0,35.0,56.0,40425.0,700.0,760.0,740.0,790.0,33.0,35.0,55.0,40585.0,700.0,760.0,730.0,790.0,33.0,35.0,52.0,39263.0,720.0,770.0,740.0,790.0,33.0,35.0,63.0,47636.0,730.0,770.0,760.0,800.0,33.0,35.0,55.0,51261.0,,,17.0,16.0,19.0,23.0,14.0,13.0,13.0,14.0,13.0,9.0,9.0,10.0,14.0,13.0,12.0,10.0,11.0,11.0,12.0,14.0,14.0,12.0,12.0,12.0,12.0,12.0,12.0,13.0,12.0,12.0,11.0,10.0,9.0,9.0,9.0,10.0
151351.0,Indiana University-Bloomington,580.0,670.0,570.0,690.0,24.0,31.0,24.0,44169.0,580.0,670.0,570.0,690.0,24.0,31.0,25.0,42902.0,560.0,670.0,560.0,680.0,24.0,31.0,22.0,44129.0,,,,,,,,,590.0,690.0,590.0,710.0,27.0,32.0,24.0,50080.0,,,,,,,,,,,,,,,,,,,,,,,75.0,71.0,71.0,75.0,75.0,83.0,75.0,76.0,75.0,86.0,90.0,89.0,79.0,,68.0,72.0
152080.0,University of Notre Dame,690.0,760.0,710.0,790.0,33.0,35.0,57.0,20371.0,680.0,760.0,720.0,790.0,32.0,35.0,58.0,22200.0,690.0,760.0,710.0,790.0,32.0,35.0,54.0,21253.0,700.0,760.0,710.0,790.0,32.0,35.0,58.0,23642.0,710.0,760.0,740.0,790.0,32.0,35.0,60.0,26509.0,,,,18.0,23.0,,,,25.0,19.0,18.0,17.0,19.0,18.0,19.0,19.0,19.0,18.0,19.0,18.0,18.0,20.0,19.0,18.0,20.0,19.0,19.0,17.0,18.0,16.0,18.0,15.0,18.0,18.0,15.0,19.0,19.0,18.0
153269.0,Drake University,,,,,,,,,,,,,,,,,,,,,,,,,,,,,,,,,560.0,670.0,550.0,670.0,25.0,30.0,13.0,8621.0,,,,,,,,,,,,,,,,,,,,,,,,,,,,,,,,,,,,,136.0,137.0
153603.0,Iowa State University,548.0,682.0,544.0,652.0,22.0,28.0,35.0,18855.0,540.0,650.0,560.0,690.0,22.0,28.0,33.0,18246.0,480.0,630.0,530.0,680.0,21.0,28.0,28.0,20223.0,,,,,,,,,540.0,660.0,550.0,690.0,21.0,28.0,29.0,21919.0,,,,,,,,,,,,,,,,,,,,,,,85.0,89.0,88.0,94.0,94.0,101.0,101.0,106.0,108.0,111.0,115.0,119.0,121.0,,122.0,127.0
153658.0,University of Iowa,560.0,660.0,560.0,670.0,23.0,28.0,22.0,26706.0,560.0,660.0,570.0,680.0,22.0,29.0,23.0,25928.0,560.0,650.0,550.0,660.0,22.0,29.0,22.0,24132.0,,,,,,,,,570.0,670.0,560.0,670.0,22.0,28.0,23.0,25729.0,,,,,,,,,,,,,,,,,,,,,,,64.0,66.0,71.0,72.0,71.0,72.0,73.0,71.0,82.0,82.0,78.0,89.0,84.0,,83.0,83.0
155317.0,University of Kansas,,,,,23.0,29.0,31.0,14752.0,,,,,22.0,29.0,29.0,15093.0,540.0,650.0,530.0,670.0,22.0,29.0,28.0,15042.0,,,,,,,,,550.0,670.0,540.0,670.0,21.0,28.0,31.0,16204.0,,,,,,,,,,,,,,,,,,,,,,,85.0,89.0,96.0,104.0,101.0,106.0,101.0,106.0,115.0,118.0,115.0,129.0,130.0,,122.0,121.0
157085.0,University of Kentucky,550.0,650.0,530.0,650.0,23.0,29.0,28.0,19324.0,540.0,650.0,530.0,670.0,22.0,29.0,30.0,18759.0,540.0,640.0,530.0,640.0,22.0,29.0,26.0,19648.0,,,,,,,,,540.0,650.0,530.0,640.0,21.0,28.0,29.0,22109.0,,,,,,,,,,,,,,,,,,,,,,,118.0,116.0,128.0,129.0,124.0,125.0,119.0,129.0,129.0,133.0,133.0,147.0,132.0,,127.0,137.0
160755.0,Tulane University,670.0,730.0,680.0,760.0,30.0,33.0,28.0,38816.0,660.0,750.0,700.0,770.0,31.0,33.0,34.0,42185.0,650.0,730.0,690.0,770.0,30.0,33.0,37.0,43892.0,680.0,740.0,680.0,770.0,30.0,33.0,46.0,45525.0,680.0,750.0,690.0,760.0,31.0,33.0,51.0,31615.0,,,,,,,,,,,38.0,36.0,34.0,36.0,44.0,45.0,46.0,43.0,44.0,43.0,43.0,44.0,50.0,51.0,50.0,51.0,50.0,51.0,52.0,54.0,41.0,39.0,40.0,44.0,40.0,41.0,42.0,44.0
162928.0,Johns Hopkins University,710.0,760.0,740.0,800.0,33.0,35.0,42.0,29776.0,710.0,760.0,750.0,800.0,33.0,35.0,42.0,31139.0,720.0,760.0,750.0,800.0,34.0,36.0,42.0,30115.0,,,,,,,48.0,39515.0,740.0,770.0,780.0,800.0,34.0,35.0,51.0,37844.0,,,16.0,11.0,14.0,15.0,11.0,15.0,15.0,22.0,10.0,15.0,14.0,14.0,7.0,15.0,16.0,15.0,14.0,14.0,13.0,16.0,14.0,15.0,14.0,13.0,13.0,13.0,12.0,12.0,10.0,10.0,11.0,10.0,10.0,9.0,9.0,7.0
163268.0,University of Maryland-Baltimore County,,,,,,,,,,,,,,,,,,,,,,,,,,,,,,,,,,,,,,,,,,,,,,,,,,,,,,,,,,,,,,,,,,,,,,,,,,,,,,137.0
163286.0,University of Maryland,640.0,710.0,650.0,760.0,29.0,33.0,30.0,33497.0,630.0,710.0,650.0,760.0,29.0,34.0,29.0,33012.0,630.0,720.0,640.0,760.0,30.0,34.0,27.0,32147.0,,,,,,,,,670.0,740.0,690.0,780.0,30.0,34.0,23.0,56761.0,,,,,,,,,,,,,,,,,,,,,,,54.0,53.0,53.0,56.0,55.0,58.0,62.0,62.0,57.0,60.0,61.0,63.0,64.0,,59.0,55.0
164924.0,Boston College,650.0,720.0,670.0,770.0,31.0,34.0,27.0,31084.0,660.0,730.0,680.0,770.0,31.0,34.0,24.0,35552.0,660.0,730.0,670.0,770.0,31.0,34.0,31.0,29382.0,700.0,750.0,720.0,780.0,33.0,34.0,33.0,39846.0,705.0,760.0,730.0,780.0,33.0,35.0,35.0,40494.0,,,,,,,,,,,37.0,38.0,38.0,36.0,39.0,38.0,38.0,40.0,40.0,37.0,40.0,34.0,35.0,34.0,34.0,31.0,31.0,31.0,31.0,31.0,30.0,31.0,32.0,38.0,37.0,35.0,36.0,36.0
164988.0,Boston University,650.0,720.0,680.0,780.0,30.0,33.0,25.0,64481.0,650.0,720.0,690.0,790.0,30.0,34.0,27.0,62224.0,640.0,720.0,670.0,780.0,30.0,34.0,24.0,61007.0,660.0,740.0,700.0,780.0,31.0,34.0,28.0,75778.0,660.0,730.0,690.0,770.0,31.0,34.0,31.0,80796.0,,,,,,,,,,,,,,,,,,,,,,,57.0,60.0,56.0,56.0,53.0,51.0,41.0,42.0,41.0,39.0,37.0,42.0,40.0,42.0,42.0,41.0
165015.0,Brandeis University,630.0,720.0,650.0,780.0,29.0,33.0,24.0,11798.0,660.0,730.0,690.0,790.0,30.0,33.0,25.0,11343.0,640.0,720.0,680.0,790.0,31.0,33.0,22.0,10223.0,670.0,750.0,700.0,780.0,31.0,34.0,25.0,9796.0,680.0,750.0,690.0,780.0,31.0,34.0,25.0,9917.0,,,,,,,,,,,30.0,29.0,28.0,31.0,31.0,31.0,34.0,31.0,32.0,32.0,34.0,31.0,31.0,31.0,31.0,34.0,31.0,33.0,32.0,35.0,34.0,34.0,34.0,35.0,40.0,42.0,42.0,44.0
165334.0,Clark University,,,,,,,13.0,7687.0,,,,,,,16.0,7639.0,580.0,680.0,570.0,670.0,27.0,32.0,14.0,7153.0,,,,,,,,,640.0,720.0,610.0,710.0,28.0,33.0,16.0,8787.0,,,,,,,,,,,,,,,,,,,,,,,91.0,80.0,88.0,86.0,94.0,83.0,75.0,76.0,75.0,74.0,81.0,66.0,91.0,,103.0,97.0
166027.0,Harvard University,720.0,780.0,740.0,800.0,33.0,35.0,82.0,42749.0,710.0,770.0,750.0,800.0,33.0,35.0,82.0,43330.0,720.0,780.0,740.0,800.0,33.0,35.0,70.0,40248.0,730.0,780.0,750.0,800.0,33.0,36.0,84.0,57786.0,730.0,780.0,760.0,800.0,34.0,36.0,83.0,61221.0,2.0,2.0,2.0,4.0,3.0,1.0,1.0,1.0,1.0,1.0,1.0,3.0,1.0,1.0,2.0,2.0,2.0,2.0,1.0,1.0,1.0,2.0,2.0,1.0,1.0,1.0,1.0,1.0,2.0,2.0,2.0,2.0,2.0,2.0,2.0,2.0,2.0,3.0
166629.0,University of Massachusetts-Amherst,600.0,680.0,600.0,710.0,26.0,31.0,20.0,41690.0,590.0,680.0,600.0,710.0,26.0,32.0,21.0,42157.0,600.0,680.0,600.0,710.0,27.0,32.0,19.0,40315.0,,,,,,,,,630.0,720.0,630.0,760.0,29.0,33.0,19.0,45451.0,,,,,,,,,,,,,,,,,,,,,,,96.0,102.0,106.0,99.0,94.0,97.0,91.0,76.0,75.0,74.0,75.0,70.0,64.0,,68.0,67.0
166683.0,Massachusetts Institute of Technology,720.0,770.0,780.0,800.0,34.0,36.0,76.0,21706.0,730.0,770.0,780.0,800.0,34.0,36.0,77.0,21312.0,730.0,780.0,780.0,800.0,34.0,36.0,73.0,20075.0,,,,,,,86.0,33240.0,740.0,780.0,790.0,800.0,35.0,36.0,85.0,33767.0,10.0,,11.0,5.0,7.0,6.0,6.0,5.0,4.0,4.0,5.0,5.0,6.0,4.0,3.0,5.0,5.0,4.0,4.0,5.0,7.0,4.0,7.0,4.0,4.0,7.0,5.0,6.0,7.0,7.0,7.0,7.0,5.0,3.0,3.0,4.0,2.0,2.0
167358.0,Northeastern University,670.0,750.0,690.0,790.0,32.0,34.0,23.0,62272.0,680.0,750.0,710.0,790.0,32.0,35.0,27.0,62263.0,690.0,750.0,720.0,790.0,33.0,35.0,24.0,64459.0,700.0,760.0,730.0,790.0,33.0,35.0,33.0,75244.0,700.0,760.0,740.0,790.0,33.0,35.0,41.0,91000.0,,,,,,,,,,,,,,,,,,,,,,,96.0,96.0,80.0,69.0,62.0,56.0,49.0,42.0,47.0,39.0,40.0,44.0,40.0,49.0,49.0,44.0
167783.0,Simmons University,,,,,,,,,,,,,,,,,,,,,,,,,,,,,,,,,610.0,700.0,590.0,690.0,28.0,32.0,13.0,4001.0,,,,,,,,,,,,,,,,,,,,,,,,,,,,,,,,,,,,,136.0,
168148.0,Tufts University,680.0,750.0,700.0,780.0,31.0,34.0,47.0,21501.0,680.0,750.0,710.0,790.0,32.0,34.0,47.0,22766.0,680.0,750.0,700.0,780.0,32.0,35.0,43.0,23127.0,710.0,760.0,730.0,790.0,33.0,35.0,50.0,31198.0,710.0,760.0,740.0,790.0,33.0,35.0,50.0,34882.0,,,,,,,,,,,25.0,22.0,23.0,25.0,29.0,29.0,28.0,28.0,27.0,28.0,27.0,27.0,28.0,28.0,28.0,28.0,29.0,28.0,28.0,27.0,27.0,27.0,29.0,27.0,29.0,30.0,28.0,32.0
168421.0,Worcester Polytechnic Institute,,,,,,,29.0,10584.0,,,,,,,23.0,10645.0,,,,,,,19.0,11269.0,,,,,,,,,,,,,,,20.0,11599.0,,,,,,,,,,,,,48.0,,,,,,55.0,55.0,53.0,64.0,62.0,71.0,68.0,64.0,62.0,65.0,62.0,68.0,57.0,60.0,61.0,59.0,64.0,,63.0,67.0
170976.0,University of Michigan-Ann Arbor,660.0,730.0,670.0,780.0,30.0,34.0,45.0,64917.0,660.0,740.0,680.0,790.0,31.0,34.0,46.0,64972.0,660.0,740.0,680.0,780.0,31.0,34.0,41.0,65021.0,,,,,,,45.0,79743.0,670.0,750.0,680.0,780.0,31.0,34.0,47.0,84289.0,7.0,,8.0,25.0,17.0,21.0,22.0,24.0,23.0,21.0,24.0,24.0,23.0,25.0,25.0,25.0,25.0,25.0,25.0,22.0,25.0,24.0,25.0,26.0,27.0,29.0,28.0,29.0,28.0,29.0,29.0,27.0,28.0,27.0,25.0,24.0,23.0,25.0
171100.0,Michigan State University,560.0,650.0,550.0,660.0,23.0,29.0,34.0,33129.0,550.0,650.0,550.0,670.0,23.0,29.0,28.0,44322.0,550.0,640.0,550.0,660.0,23.0,29.0,24.0,45426.0,,,,,,,,,580.0,670.0,580.0,690.0,25.0,31.0,21.0,53341.0,,,,,,,,,,,,,,,,,,,,,,,71.0,71.0,71.0,79.0,71.0,72.0,73.0,85.0,75.0,82.0,81.0,85.0,84.0,,83.0,77.0
171128.0,Michigan Technological University,580.0,670.0,590.0,690.0,24.0,30.0,29.0,5838.0,580.0,680.0,590.0,690.0,25.0,30.0,29.0,5978.0,570.0,660.0,590.0,690.0,25.0,30.0,23.0,7476.0,,,,,,,,,560.0,670.0,570.0,680.0,24.0,31.0,19.0,7893.0,,,,,,,,,,,,,,,,,,,,,,,124.0,121.0,121.0,117.0,111.0,120.0,117.0,116.0,123.0,118.0,124.0,136.0,147.0,,148.0,
174066.0,University of Minnesota,620.0,710.0,650.0,770.0,26.0,31.0,27.0,43444.0,600.0,710.0,660.0,770.0,26.0,31.0,27.0,40673.0,600.0,700.0,640.0,760.0,25.0,31.0,22.0,38237.0,,,,,,,,,640.0,730.0,650.0,770.0,27.0,32.0,24.0,38050.0,,,,,,,,,,,,,,,,,,,,,,,71.0,61.0,61.0,64.0,68.0,68.0,69.0,71.0,69.0,71.0,69.0,76.0,70.0,,68.0,62.0
174914.0,University of St. Thomas,,,,,,,,,,,,,,,,,,,,,,,,,,,,,,,,,590.0,680.0,610.0,710.0,24.0,29.0,22.0,9481.0,,,,,,,,,,,,,,,,,,,,,,,,,,,,,,,,,,,,,136.0,137.0
176017.0,University of Mississippi,,,,,,,,,,,,,,,,,,,,,,,,,,,,,,,,,520.0,620.0,510.0,600.0,22.0,29.0,21.0,22311.0,,,,,,,,,,,,,,,,,,,,,,,,,,,,,,,,,,,,,148.0,
178396.0,University of Missouri,560.0,640.0,530.0,650.0,23.0,29.0,32.0,18948.0,560.0,660.0,560.0,680.0,23.0,29.0,34.0,20015.0,560.0,660.0,550.0,660.0,23.0,30.0,31.0,20641.0,,,,,,,,,580.0,670.0,560.0,670.0,23.0,30.0,31.0,20303.0,,,,,,,,,,,,,,,,,,,,,,,91.0,96.0,102.0,94.0,90.0,97.0,97.0,99.0,103.0,111.0,120.0,129.0,139.0,,122.0,121.0
179159.0,Saint Louis University,590.0,680.0,590.0,690.0,25.0,31.0,17.0,15120.0,590.0,680.0,580.0,700.0,25.0,30.0,21.0,15573.0,580.0,680.0,580.0,690.0,25.0,31.0,17.0,16580.0,,,,,,,,,610.0,690.0,600.0,710.0,26.0,31.0,15.0,12986.0,,,,,,,,,,,,,,,,,,,,,,,82.0,80.0,84.0,86.0,88.0,92.0,101.0,99.0,96.0,96.0,94.0,106.0,97.0,,103.0,105.0
179867.0,Washington University in St. Louis,710.0,770.0,760.0,800.0,32.0,35.0,38.0,31320.0,720.0,760.0,760.0,800.0,33.0,35.0,49.0,25426.0,720.0,760.0,760.0,800.0,33.0,35.0,40.0,27949.0,730.0,770.0,760.0,800.0,33.0,35.0,45.0,33634.0,730.0,770.0,770.0,800.0,33.0,35.0,48.0,32014.0,,,23.0,19.0,22.0,24.0,18.0,20.0,18.0,20.0,20.0,17.0,17.0,16.0,17.0,15.0,14.0,12.0,9.0,11.0,11.0,12.0,12.0,12.0,12.0,13.0,14.0,14.0,14.0,14.0,15.0,19.0,18.0,19.0,19.0,16.0,14.0,15.0
181002.0,Creighton University,,,,,,,,,,,,,,,,,,,,,,,,,,,,,,,,,608.0,700.0,598.0,720.0,27.0,32.0,17.0,7977.0,,,,,,,,,,,,,,,,,,,,,,,,,,,,,,,,,,,,,103.0,115.0
181464.0,University of Nebraska-Lincoln,570.0,680.0,560.0,680.0,22.0,29.0,40.0,14956.0,560.0,670.0,560.0,690.0,22.0,28.0,36.0,16829.0,550.0,650.0,560.0,670.0,22.0,28.0,35.0,17495.0,,,,,,,,,560.0,670.0,550.0,670.0,22.0,28.0,31.0,19102.0,,,,,,,,,,,,,,,,,,,,,,,91.0,89.0,96.0,104.0,101.0,101.0,101.0,99.0,103.0,111.0,124.0,129.0,139.0,,136.0,
182670.0,Dartmouth College,700.0,770.0,720.0,790.0,31.0,35.0,61.0,22033.0,710.0,770.0,730.0,790.0,32.0,35.0,63.0,23650.0,710.0,770.0,730.0,790.0,32.0,35.0,54.0,21392.0,720.0,770.0,750.0,800.0,33.0,35.0,70.0,28356.0,740.0,780.0,760.0,800.0,33.0,35.0,62.0,28336.0,10.0,10.0,6.0,7.0,8.0,8.0,8.0,7.0,8.0,8.0,7.0,7.0,7.0,10.0,11.0,9.0,9.0,9.0,9.0,9.0,9.0,9.0,11.0,11.0,11.0,9.0,11.0,10.0,10.0,11.0,12.0,11.0,11.0,12.0,12.0,13.0,13.0,12.0
183044.0,University of New Hampshire,550.0,640.0,540.0,630.0,22.0,28.0,20.0,18474.0,540.0,640.0,530.0,630.0,22.0,28.0,18.0,18040.0,550.0,640.0,540.0,640.0,24.0,30.0,16.0,18797.0,,,,,,,,,570.0,660.0,550.0,660.0,26.0,31.0,16.0,21016.0,,,,,,,,,,,,,,,,,,,,,,,108.0,113.0,110.0,104.0,101.0,106.0,97.0,99.0,103.0,107.0,103.0,106.0,125.0,,136.0,137.0
185828.0,New Jersey Institute of Technology,,,,,,,,,,,,,,,,,,,,,,,,,,,,,,,,,580.0,700.0,610.0,750.0,27.0,33.0,18.0,13010.0,,,,,,,,,,,,,,,,,,,,,,,,,,,,,,,,,,,,,103.0,97.0
186131.0,Princeton University,710.0,770.0,730.0,800.0,32.0,35.0,69.0,35370.0,710.0,770.0,750.0,800.0,33.0,35.0,70.0,32804.0,710.0,770.0,740.0,800.0,32.0,35.0,62.0,32835.0,720.0,770.0,740.0,800.0,33.0,35.0,78.0,37601.0,730.0,780.0,760.0,800.0,33.0,35.0,69.0,38019.0,4.0,4.0,4.0,2.0,2.0,4.0,4.0,2.0,2.0,2.0,2.0,2.0,1.0,1.0,4.0,1.0,1.0,1.0,1.0,1.0,1.0,1.0,1.0,2.0,1.0,2.0,1.0,1.0,1.0,1.0,1.0,1.0,1.0,1.0,1.0,1.0,1.0,1.0
186371.0,Rutgers University-Camden,,,,,,,,,,,,,,,,,,,,,,,,,,,,,,,,,520.0,640.0,510.0,640.0,25.0,30.0,6.0,11145.0,,,,,,,,,,,,,,,,,,,,,,,,,,,,,,,,,,,,,148.0,127.0
186380.0,Rutgers University-New Brunswick,590.0,680.0,600.0,730.0,25.0,31.0,28.0,41348.0,590.0,680.0,620.0,750.0,25.0,32.0,29.0,41286.0,580.0,680.0,600.0,730.0,25.0,32.0,24.0,41263.0,,,,,,,,,630.0,720.0,640.0,760.0,28.0,33.0,28.0,41654.0,,,,,,,,,,,45.0,,,,,,,,60.0,58.0,60.0,60.0,59.0,64.0,66.0,64.0,68.0,68.0,69.0,70.0,72.0,70.0,69.0,56.0,62.0,,63.0,55.0
186399.0,Rutgers University-Newark,,,,,,,,,,,,,,,,,,,,,,,,,,,,,,,,,,,,,,,11.0,14935.0,,,,,,,,,,,,,,,,,,,,,,,,,,,,,,,,,,,,,127.0,115.0
186584.0,Seton Hall University,,,,,,,,,,,,,,,,,,,,,,,,,,,,,,,,,620.0,700.0,610.0,690.0,28.0,31.0,8.0,25731.0,,,,,,,,,,,,,,,,,,,,,,,,,,,,,,,,,,,,,127.0,137.0
186867.0,Stevens Institute of Technology,640.0,710.0,690.0,770.0,30.0,33.0,26.0,9265.0,640.0,720.0,700.0,780.0,31.0,34.0,23.0,10475.0,640.0,710.0,680.0,770.0,31.0,34.0,17.0,10346.0,,,,,,,,,670.0,730.0,710.0,780.0,31.0,34.0,17.0,12500.0,,,,,,,,,,,,,,,,,,,,,,,75.0,83.0,84.0,86.0,88.0,75.0,82.0,76.0,75.0,71.0,69.0,70.0,74.0,,83.0,83.0
190044.0,Clarkson University,570.0,660.0,590.0,690.0,24.0,30.0,16.0,6885.0,560.0,660.0,600.0,690.0,23.0,30.0,16.0,6673.0,560.0,660.0,590.0,690.0,24.0,30.0,14.0,6198.0,,,,,,,,,580.0,680.0,610.0,690.0,25.0,30.0,12.0,6594.0,,,,,,,,,,,,,,,,,,,,,,,124.0,121.0,119.0,124.0,119.0,115.0,121.0,121.0,115.0,129.0,124.0,102.0,117.0,,127.0,127.0
190150.0,Columbia University,710.0,760.0,740.0,800.0,33.0,35.0,62.0,40572.0,700.0,770.0,740.0,800.0,33.0,35.0,63.0,42823.0,720.0,770.0,740.0,800.0,33.0,35.0,56.0,40462.0,720.0,770.0,750.0,800.0,34.0,35.0,65.0,61110.0,730.0,780.0,760.0,800.0,34.0,35.0,64.0,60879.0,,,18.0,8.0,11.0,10.0,9.0,10.0,11.0,9.0,15.0,11.0,9.0,10.0,10.0,10.0,9.0,10.0,11.0,9.0,9.0,9.0,9.0,8.0,8.0,4.0,4.0,4.0,4.0,4.0,4.0,5.0,5.0,3.0,3.0,3.0,2.0,18.0
190415.0,Cornell University,680.0,750.0,710.0,790.0,32.0,34.0,60.0,51324.0,680.0,760.0,720.0,800.0,32.0,35.0,60.0,49114.0,680.0,750.0,720.0,790.0,32.0,35.0,59.0,51500.0,700.0,760.0,750.0,800.0,33.0,35.0,64.0,67380.0,710.0,770.0,760.0,800.0,33.0,35.0,68.0,69195.0,8.0,,11.0,14.0,11.0,9.0,12.0,11.0,10.0,15.0,13.0,14.0,14.0,6.0,11.0,10.0,14.0,14.0,14.0,14.0,13.0,12.0,12.0,14.0,15.0,15.0,15.0,15.0,16.0,15.0,15.0,15.0,14.0,16.0,17.0,18.0,17.0,17.0
190567.0,CUNY-City College,,,,,,,,,,,,,,,,,,,,,,,,,,,,,,,,,,,,,,,12.0,33648.0,,,,,,,,,,,,,,,,,,,,,,,,,,,,,,,,,,,,,148.0,
191241.0,Fordham University,620.0,700.0,630.0,730.0,28.0,32.0,11.0,46308.0,620.0,710.0,620.0,740.0,28.0,32.0,10.0,47930.0,620.0,700.0,610.0,710.0,27.0,32.0,8.0,47936.0,,,,,,,,,660.0,730.0,660.0,750.0,30.0,33.0,10.0,47203.0,,,,,,,,,,,,,,,,,,,,,,,67.0,61.0,61.0,56.0,53.0,58.0,57.0,58.0,66.0,60.0,61.0,70.0,74.0,,68.0,72.0
193654.0,New School,,,,,,,,,,,,,,,,,,,,,,,,,,,,,,,,,,,,,,,26.0,9524.0,,,,,,,,,,,,,,,,,,,,,,,,,,,,,,,,,,,,,136.0,127.0
193900.0,New York University,650.0,720.0,660.0,790.0,29.0,34.0,43.0,71834.0,660.0,740.0,690.0,790.0,30.0,34.0,45.0,79462.0,670.0,740.0,700.0,800.0,31.0,34.0,40.0,80210.0,700.0,770.0,750.0,800.0,32.0,35.0,49.0,95517.0,720.0,770.0,750.0,800.0,33.0,35.0,49.0,100662.0,,,,,,,,,,,36.0,35.0,34.0,35.0,34.0,33.0,32.0,35.0,35.0,32.0,37.0,34.0,34.0,33.0,32.0,33.0,33.0,32.0,32.0,32.0,32.0,36.0,30.0,30.0,29.0,30.0,28.0,25.0
194824.0,Rensselaer Polytechnic Institute,640.0,720.0,690.0,780.0,29.0,33.0,20.0,20402.0,620.0,710.0,670.0,780.0,28.0,34.0,19.0,18635.0,620.0,720.0,680.0,780.0,29.0,34.0,15.0,16661.0,,,,,,,,,660.0,740.0,700.0,780.0,30.0,34.0,18.0,16863.0,,,,,,,,,,,39.0,,48.0,49.0,,49.0,48.0,47.0,48.0,46.0,43.0,42.0,44.0,41.0,42.0,41.0,50.0,41.0,41.0,42.0,41.0,39.0,42.0,49.0,50.0,,55.0,51.0
195003.0,Rochester Instittue of Technology,,,,,,,,,,,,,,,,,,,,,,,,,,,,,,,,,630.0,710.0,640.0,740.0,29.0,33.0,20.0,23976.0,,,,,,,,,,,,,,,,,,,,,,,,,,,,,,,,,,,,,117.0,105.0
195030.0,University of Rochester,640.0,710.0,680.0,790.0,30.0,34.0,24.0,21255.0,640.0,720.0,670.0,780.0,30.0,34.0,23.0,21642.0,650.0,720.0,680.0,790.0,30.0,34.0,20.0,19607.0,660.0,740.0,710.0,780.0,31.0,35.0,20.0,19543.0,680.0,750.0,710.0,790.0,31.0,34.0,21.0,19966.0,,,,,,25.0,,,,,29.0,30.0,31.0,29.0,32.0,33.0,36.0,36.0,35.0,37.0,34.0,34.0,35.0,35.0,35.0,37.0,35.0,33.0,32.0,33.0,33.0,32.0,34.0,33.0,29.0,34.0,34.0,36.0
196079.0,Binghamton University,650.0,710.0,660.0,730.0,28.0,32.0,19.0,38755.0,630.0,700.0,650.0,740.0,29.0,32.0,19.0,37516.0,640.0,710.0,650.0,740.0,29.0,32.0,18.0,38116.0,,,,,,,,,650.0,730.0,690.0,780.0,29.0,34.0,18.0,41642.0,,,,,,,,,,,,,,,,,,,,,,,82.0,77.0,80.0,86.0,88.0,89.0,97.0,88.0,89.0,86.0,87.0,80.0,79.0,,83.0,83.0
196088.0,University of Buffalo,570.0,650.0,590.0,680.0,24.0,29.0,24.0,31196.0,570.0,650.0,590.0,690.0,24.0,29.0,23.0,29900.0,560.0,640.0,580.0,670.0,23.0,29.0,22.0,30247.0,,,,,,,,,590.0,680.0,600.0,700.0,25.0,32.0,20.0,30939.0,,,,,,,,,,,,,,,,,,,,,,,118.0,121.0,121.0,120.0,111.0,106.0,109.0,103.0,99.0,99.0,97.0,89.0,79.0,,93.0,89.0
196097.0,Stony Brook University,600.0,680.0,630.0,740.0,26.0,31.0,21.0,37828.0,590.0,690.0,640.0,750.0,26.0,32.0,21.0,37079.0,600.0,690.0,630.0,750.0,26.0,32.0,18.0,37083.0,,,,,,,,,640.0,720.0,680.0,780.0,28.0,34.0,17.0,40513.0,,,,,,,,,,,,,,,,,,,,,,,96.0,96.0,96.0,99.0,111.0,92.0,82.0,88.0,89.0,96.0,97.0,80.0,91.0,,93.0,77.0
196103.0,SUNY College of Environmental Science and Forestry,,,,,,,,,,,,,,,,,,,,,,,,,,,,,,,,,,,,,,,21.0,2466.0,,,,,,,,,,,,,,,,,,,,,,,,,,,,,,,,,,,,,117.0,105.0
196413.0,Syracuse University,590.0,670.0,590.0,700.0,25.0,30.0,21.0,34981.0,580.0,670.0,600.0,710.0,26.0,30.0,23.0,35299.0,,,,,,,16.0,32005.0,,,,,,,,,630.0,710.0,630.0,720.0,28.0,32.0,19.0,41489.0,,,,,,,,,,,49.0,44.0,40.0,47.0,,,,,55.0,52.0,50.0,52.0,50.0,53.0,58.0,55.0,62.0,58.0,62.0,58.0,61.0,60.0,61.0,53.0,54.0,,59.0,62.0
197708.0,Yeshiva University,580.0,700.0,560.0,700.0,22.0,30.0,59.0,1508.0,590.0,700.0,560.0,690.0,24.0,30.0,60.0,1660.0,590.0,700.0,550.0,710.0,24.0,31.0,57.0,1442.0,,,,,,,,,640.0,740.0,610.0,760.0,26.0,33.0,62.0,1615.0,,,,,,,,,,,,45.0,48.0,42.0,44.0,45.0,41.0,40.0,40.0,46.0,45.0,44.0,52.0,50.0,52.0,50.0,45.0,46.0,47.0,48.0,52.0,66.0,94.0,80.0,97.0,,68.0,67.0
198419.0,Duke University,710.0,770.0,740.0,800.0,33.0,35.0,55.0,35786.0,720.0,770.0,760.0,800.0,33.0,35.0,54.0,41947.0,720.0,770.0,750.0,800.0,34.0,35.0,51.0,39639.0,725.0,765.0,743.0,793.0,33.0,35.0,60.0,49703.0,730.0,770.0,760.0,800.0,34.0,35.0,55.0,50016.0,,6.0,7.0,12.0,5.0,7.0,7.0,7.0,7.0,6.0,6.0,4.0,3.0,6.0,7.0,8.0,8.0,4.0,5.0,5.0,5.0,8.0,8.0,8.0,10.0,9.0,10.0,8.0,7.0,8.0,8.0,8.0,9.0,8.0,10.0,12.0,9.0,10.0
198516.0,Elon Uuniversity,,,,,,,,,,,,,,,,,,,,,,,,,,,,,,,,,590.0,680.0,580.0,680.0,25.0,30.0,13.0,17551.0,,,,,,,,,,,,,,,,,,,,,,,,,,,,,,,,,,,,,83.0,89.0
199120.0,University of North Carolina-Chapel Hill,630.0,720.0,640.0,760.0,29.0,33.0,45.0,41939.0,650.0,730.0,660.0,770.0,28.0,33.0,44.0,42465.0,640.0,730.0,640.0,760.0,28.0,33.0,43.0,41773.0,570.0,680.0,570.0,700.0,22.0,27.0,45.0,50729.0,670.0,750.0,680.0,780.0,30.0,34.0,46.0,56341.0,,9.0,11.0,23.0,18.0,20.0,25.0,,,,27.0,25.0,27.0,24.0,27.0,25.0,28.0,28.0,29.0,29.0,27.0,27.0,28.0,30.0,28.0,30.0,29.0,30.0,30.0,30.0,30.0,30.0,30.0,30.0,29.0,28.0,28.0,29.0
199193.0,North Carolina State University,620.0,680.0,630.0,710.0,27.0,31.0,35.0,30350.0,620.0,690.0,630.0,730.0,27.0,32.0,35.0,31130.0,610.0,690.0,620.0,720.0,27.0,32.0,33.0,31487.0,,,,,,,,,630.0,710.0,650.0,750.0,28.0,33.0,34.0,35568.0,,,,,,,,,,,,,,,,,,,,,,,85.0,83.0,88.0,111.0,101.0,106.0,101.0,95.0,89.0,92.0,81.0,80.0,84.0,,79.0,72.0
199847.0,Wake Forest University,,,,,,,37.0,12937.0,,,,,,,37.0,12559.0,,,,,,,38.0,11959.0,,,,,,,37.0,15156.0,,,,,,,38.0,16857.0,,,,,,,,,,,31.0,25.0,28.0,29.0,28.0,28.0,26.0,25.0,28.0,27.0,27.0,30.0,30.0,28.0,28.0,25.0,25.0,27.0,23.0,27.0,27.0,27.0,27.0,27.0,27.0,28.0,28.0,29.0
201645.0,Case Western Reserve University,650.0,730.0,700.0,790.0,30.0,34.0,18.0,26642.0,640.0,720.0,700.0,790.0,30.0,34.0,17.0,28786.0,640.0,730.0,700.0,790.0,31.0,34.0,15.0,29084.0,680.0,740.0,730.0,790.0,32.0,35.0,16.0,33232.0,680.0,750.0,730.0,790.0,32.0,35.0,15.0,38701.0,,,,,,,,,,,35.0,38.0,37.0,34.0,34.0,38.0,38.0,37.0,37.0,35.0,37.0,38.0,41.0,41.0,41.0,41.0,38.0,37.0,37.0,38.0,37.0,37.0,37.0,42.0,40.0,42.0,42.0,44.0
201885.0,University of Cincinnati,,,,,,,,,,,,,,,,,,,,,,,,,,,,,,,,,580.0,670.0,580.0,690.0,24.0,29.0,25.0,29025.0,,,,,,,,,,,,,,,,,,,,,,,,,,,,,,,,,,,,,148.0,
202480.0,University of Dayton,560.0,650.0,550.0,660.0,24.0,30.0,18.0,16793.0,560.0,650.0,560.0,670.0,23.0,29.0,16.0,17462.0,540.0,640.0,540.0,660.0,23.0,29.0,16.0,16606.0,,,,,,,,,588.0,673.0,570.0,690.0,24.0,30.0,14.0,18864.0,,,,,,,,,,,,,,,,,,,,,,,112.0,108.0,110.0,99.0,101.0,115.0,112.0,103.0,108.0,111.0,124.0,127.0,132.0,,127.0,127.0
204024.0,Miami University,590.0,670.0,610.0,710.0,25.0,30.0,18.0,30126.0,590.0,680.0,600.0,710.0,25.0,30.0,19.0,27247.0,580.0,680.0,580.0,690.0,24.0,30.0,15.0,26844.0,,,,,,,,,600.0,690.0,600.0,700.0,26.0,30.0,15.0,30367.0,,,,,,,,,,,,,,,,,,,,,,,67.0,66.0,77.0,79.0,90.0,89.0,75.0,76.0,82.0,79.0,78.0,89.0,91.0,,103.0,105.0
204796.0,Ohio State University-Columbus,590.0,690.0,650.0,760.0,27.0,32.0,32.0,48077.0,600.0,690.0,650.0,770.0,28.0,32.0,30.0,47703.0,590.0,690.0,620.0,740.0,26.0,32.0,26.0,49087.0,,,,,,,,,640.0,720.0,670.0,760.0,29.0,32.0,23.0,65189.0,,,,,,,,,,,,,,,,,,,,,,,57.0,56.0,53.0,56.0,55.0,56.0,52.0,54.0,52.0,54.0,54.0,56.0,54.0,,49.0,49.0
204857.0,Ohio University,,,,,,,,,,,,,,,,,,,,,,,,,,,,,,,,,,,,,,,,,,,,,,,,,,,,,,,,,,,,,,,112.0,116.0,115.0,124.0,124.0,131.0,135.0,129.0,,,,,,,,
207500.0,University of Oklahoma,580.0,670.0,560.0,680.0,23.0,29.0,36.0,15811.0,560.0,650.0,550.0,660.0,23.0,29.0,36.0,15673.0,560.0,650.0,540.0,650.0,23.0,29.0,34.0,15451.0,,,,,,,,,570.0,670.0,560.0,660.0,23.0,29.0,30.0,21548.0,,,,,,,,,,,,,,,,,,,,,,,108.0,108.0,102.0,111.0,101.0,101.0,101.0,106.0,108.0,111.0,97.0,124.0,132.0,,127.0,127.0
207971.0,University of Tulsa,590.0,710.0,590.0,700.0,25.0,32.0,23.0,8526.0,550.0,670.0,540.0,690.0,24.0,31.0,24.0,9793.0,540.0,650.0,540.0,680.0,23.0,31.0,12.0,5815.0,,,,,,,,,540.0,680.0,538.0,670.0,21.0,30.0,8.0,12042.0,,,,,,,,,,,,,,,,,,,,,,,91.0,83.0,88.0,93.0,75.0,83.0,86.0,88.0,86.0,86.0,87.0,106.0,121.0,,136.0,137.0
209551.0,University of Oregon,550.0,650.0,530.0,640.0,22.0,28.0,20.0,24474.0,560.0,660.0,540.0,650.0,22.0,28.0,20.0,27209.0,550.0,650.0,540.0,640.0,22.0,29.0,16.0,28525.0,,,,,,,,,580.0,690.0,560.0,680.0,24.0,30.0,17.0,37154.0,,,,,,,,,,,,,,,,,,,,,,,112.0,108.0,115.0,111.0,101.0,115.0,109.0,106.0,103.0,103.0,103.0,102.0,104.0,,99.0,105.0
211440.0,Carnegie Mellon University,700.0,750.0,750.0,800.0,33.0,35.0,38.0,24351.0,700.0,760.0,760.0,800.0,33.0,35.0,37.0,27634.0,700.0,760.0,760.0,800.0,33.0,35.0,36.0,26189.0,710.0,760.0,770.0,800.0,33.0,35.0,43.0,32896.0,720.0,770.0,770.0,800.0,34.0,35.0,44.0,34261.0,13.0,,,,,22.0,24.0,19.0,24.0,24.0,23.0,28.0,23.0,25.0,23.0,23.0,22.0,21.0,23.0,22.0,22.0,21.0,22.0,22.0,22.0,23.0,23.0,23.0,23.0,25.0,23.0,24.0,25.0,25.0,25.0,26.0,25.0,22.0
212054.0,Drexel University,580.0,670.0,590.0,710.0,25.0,30.0,14.0,30242.0,590.0,680.0,600.0,710.0,25.0,31.0,13.0,31824.0,590.0,680.0,590.0,700.0,25.0,31.0,10.0,31237.0,,,,,,,,,610.0,700.0,620.0,730.0,27.0,32.0,10.0,37040.0,,,,,,,,,,,,,,,,,,,,,,,108.0,89.0,88.0,86.0,88.0,83.0,97.0,95.0,99.0,96.0,94.0,102.0,97.0,,103.0,105.0
212106.0,Duquesne University,,,,,,,,,,,,,,,,,,,,,,,,,,,,,,,,,590.0,670.0,570.0,660.0,25.0,31.0,13.0,12376.0,,,,,,,,,,,,,,,,,,,,,,,,,,,,,,,,,,,,,148.0,
213543.0,Lehigh University,620.0,690.0,650.0,760.0,29.0,33.0,37.0,15622.0,620.0,690.0,660.0,760.0,29.0,33.0,28.0,15649.0,610.0,693.0,650.0,740.0,29.0,33.0,22.0,12389.0,645.0,730.0,680.0,760.0,30.0,34.0,23.0,14107.0,660.0,720.0,680.0,770.0,30.0,33.0,27.0,15163.0,,,,,,,,,,,33.0,32.0,34.0,36.0,34.0,38.0,38.0,40.0,37.0,37.0,32.0,33.0,31.0,35.0,35.0,37.0,38.0,38.0,41.0,40.0,47.0,44.0,46.0,53.0,50.0,49.0,49.0,51.0
214777.0,Pennsylvania State University-University Park,580.0,660.0,580.0,700.0,25.0,30.0,27.0,52742.0,540.0,640.0,530.0,670.0,23.0,30.0,22.0,95970.0,,,,,,,,,,,,,,,,,600.0,680.0,610.0,710.0,26.0,31.0,19.0,85784.0,,,,,,,,,,,41.0,,45.0,44.0,40.0,44.0,46.0,45.0,48.0,50.0,48.0,47.0,48.0,47.0,47.0,47.0,45.0,46.0,37.0,48.0,47.0,50.0,52.0,59.0,57.0,,63.0,77.0
215062.0,University of Pennsylvania,690.0,760.0,730.0,790.0,32.0,35.0,67.0,44491.0,700.0,760.0,750.0,800.0,33.0,35.0,70.0,44961.0,710.0,770.0,750.0,800.0,33.0,35.0,61.0,42205.0,720.0,770.0,760.0,800.0,33.0,35.0,73.0,56332.0,730.0,770.0,770.0,800.0,34.0,35.0,68.0,54588.0,,,19.0,15.0,20.0,13.0,13.0,14.0,16.0,12.0,11.0,13.0,7.0,6.0,7.0,6.0,5.0,4.0,5.0,4.0,4.0,7.0,5.0,6.0,4.0,5.0,5.0,8.0,7.0,8.0,9.0,8.0,8.0,8.0,6.0,8.0,8.0,7.0
215293.0,University of Pittsburg,630.0,700.0,640.0,730.0,28.0,33.0,23.0,29857.0,630.0,700.0,630.0,740.0,28.0,33.0,22.0,32091.0,623.0,700.0,620.0,720.0,28.0,32.0,20.0,32549.0,,,,,,,,,640.0,720.0,640.0,750.0,29.0,33.0,17.0,53072.0,,,,,,,,,,,,,,,,,,,,,,,59.0,58.0,56.0,64.0,58.0,58.0,62.0,62.0,66.0,68.0,68.0,70.0,57.0,,59.0,62.0
216339.0,Temple University,,,,,,,,,,,,,,,,,,,,,,,,,,,,,,,,,,,,,,,15.0,38666.0,,,,,,,,,,,,,,,,,,,,,,,,,,,,,,,,,,,,,103.0,121.0
216366.0,Thomas Jefferson University,,,,,,,,,,,,,,,,,,,,,,,,,,,,,,,,,570.0,670.0,560.0,680.0,27.0,31.0,15.0,5723.0,,,,,,,,,,,,,,,,,,,,,,,,,,,,,,,,,,,,,148.0,127.0
216597.0,Villanova University,640.0,710.0,660.0,760.0,30.0,33.0,25.0,22741.0,650.0,710.0,670.0,760.0,31.0,34.0,26.0,22909.0,650.0,710.0,670.0,750.0,30.0,33.0,25.0,22083.0,,,,,,,,,678.0,730.0,700.0,770.0,32.0,34.0,32.0,23835.0,,,,,,,,,,,,,,,,,,,,,,,,,,,,,,,50.0,46.0,49.0,49.0,46.0,,49.0,51.0
217156.0,Brown University,700.0,760.0,720.0,790.0,32.0,35.0,61.0,35437.0,700.0,770.0,740.0,800.0,33.0,35.0,61.0,38674.0,710.0,770.0,730.0,790.0,33.0,35.0,62.0,36793.0,720.0,770.0,740.0,800.0,33.0,35.0,66.0,46568.0,730.0,780.0,760.0,800.0,34.0,36.0,67.0,50649.0,,7.0,10.0,13.0,15.0,12.0,17.0,18.0,12.0,11.0,9.0,8.0,9.0,10.0,14.0,15.0,16.0,17.0,17.0,13.0,15.0,15.0,14.0,16.0,16.0,15.0,15.0,15.0,14.0,16.0,14.0,14.0,14.0,14.0,14.0,14.0,14.0,13.0
217882.0,Clemson University,610.0,690.0,610.0,710.0,27.0,32.0,28.0,28845.0,620.0,690.0,610.0,710.0,27.0,32.0,26.0,29070.0,610.0,690.0,600.0,700.0,27.0,32.0,24.0,28600.0,,,,,,,,,610.0,700.0,610.0,710.0,28.0,32.0,20.0,52819.0,,,,,,,,,,,,,,,,,,,,,,,67.0,61.0,61.0,64.0,68.0,68.0,62.0,62.0,61.0,66.0,67.0,66.0,70.0,,75.0,77.0
218663.0,University of South Carolina,600.0,670.0,590.0,690.0,25.0,30.0,30.0,30889.0,600.0,680.0,580.0,690.0,25.0,31.0,29.0,31268.0,580.0,670.0,560.0,670.0,25.0,31.0,24.0,34957.0,,,,,,,,,600.0,690.0,580.0,690.0,27.0,32.0,24.0,42188.0,,,,,,,,,,,,,,,,,,,,,,,112.0,108.0,110.0,111.0,111.0,115.0,112.0,113.0,108.0,107.0,103.0,106.0,104.0,,117.0,115.0
221759.0,University of Tennessee,580.0,660.0,570.0,670.0,25.0,31.0,33.0,20457.0,580.0,660.0,570.0,670.0,24.0,30.0,31.0,21764.0,580.0,650.0,560.0,653.0,25.0,31.0,28.0,25423.0,,,,,,,,,590.0,660.0,580.0,670.0,25.0,31.0,28.0,36290.0,,,,,,,,,,,,,,,,,,,,,,,96.0,108.0,106.0,104.0,101.0,101.0,101.0,106.0,103.0,103.0,103.0,115.0,104.0,,103.0,115.0
221999.0,Vanderbilt University,700.0,760.0,750.0,800.0,33.0,35.0,49.0,34313.0,710.0,760.0,750.0,800.0,33.0,35.0,47.0,37310.0,720.0,770.0,750.0,800.0,33.0,35.0,40.0,36646.0,720.0,770.0,760.0,800.0,34.0,35.0,48.0,47152.0,730.0,770.0,760.0,800.0,34.0,35.0,52.0,46377.0,,,,,24.0,,19.0,25.0,20.0,18.0,22.0,20.0,19.0,20.0,20.0,22.0,21.0,21.0,19.0,18.0,18.0,18.0,19.0,18.0,17.0,17.0,17.0,17.0,17.0,16.0,15.0,15.0,14.0,14.0,17.0,14.0,14.0,13.0
223232.0,Baylor University,600.0,680.0,590.0,690.0,26.0,31.0,23.0,37083.0,600.0,680.0,600.0,700.0,26.0,32.0,21.0,34582.0,,,,,,,16.0,33680.0,,,,,,,,,620.0,700.0,610.0,710.0,28.0,33.0,18.0,40753.0,,,,,,,,,,,,,,,,,,,,,,,75.0,76.0,80.0,79.0,75.0,77.0,75.0,71.0,72.0,71.0,75.0,78.0,79.0,,75.0,77.0
227757.0,Rice University,700.0,760.0,750.0,800.0,33.0,35.0,41.0,20923.0,720.0,770.0,750.0,800.0,33.0,35.0,41.0,27087.0,710.0,770.0,750.0,800.0,34.0,36.0,39.0,23455.0,720.0,770.0,770.0,800.0,34.0,35.0,44.0,29544.0,730.0,770.0,760.0,800.0,34.0,36.0,44.0,31443.0,,,14.0,9.0,10.0,16.0,15.0,12.0,14.0,12.0,16.0,16.0,17.0,18.0,14.0,13.0,12.0,15.0,16.0,17.0,17.0,17.0,17.0,17.0,17.0,17.0,17.0,17.0,18.0,19.0,18.0,15.0,14.0,16.0,17.0,16.0,17.0,15.0
228246.0,Southern Methodist University,630.0,710.0,650.0,750.0,29.0,33.0,24.0,12603.0,640.0,720.0,660.0,760.0,29.0,33.0,23.0,13959.0,630.0,710.0,620.0,740.0,29.0,33.0,21.0,14010.0,,,,,,,,,680.0,740.0,690.0,770.0,31.0,34.0,19.0,16150.0,,,,,,,,,,,,,,,,,,,,,,,67.0,66.0,68.0,56.0,62.0,58.0,60.0,58.0,61.0,56.0,61.0,63.0,64.0,,68.0,72.0
228723.0,Texas A&M University-College Station,580.0,680.0,590.0,700.0,25.0,31.0,46.0,36000.0,580.0,680.0,580.0,710.0,26.0,31.0,43.0,42476.0,580.0,680.0,580.0,700.0,26.0,32.0,41.0,42872.0,,,,,,,,,570.0,680.0,580.0,710.0,25.0,31.0,46.0,43422.0,,,,,,,,,,,,48.0,,,,,48.0,,67.0,62.0,60.0,60.0,62.0,64.0,61.0,63.0,58.0,65.0,69.0,68.0,70.0,74.0,69.0,66.0,70.0,,68.0,67.0
228778.0,University of Texas-Austin,620.0,720.0,610.0,760.0,27.0,33.0,46.0,50575.0,620.0,720.0,610.0,760.0,27.0,33.0,48.0,53525.0,610.0,720.0,600.0,750.0,26.0,33.0,46.0,57241.0,620.0,730.0,610.0,770.0,27.0,33.0,48.0,66077.0,620.0,730.0,610.0,770.0,26.0,33.0,48.0,60055.0,,,25.0,,,,,,,,,,,,44.0,49.0,48.0,47.0,53.0,46.0,52.0,47.0,44.0,47.0,47.0,45.0,45.0,46.0,52.0,53.0,52.0,56.0,56.0,49.0,48.0,42.0,38.0,38.0
228787.0,University of Texas-Dallas,,,,,,,,,,,,,,,,,,,,,,,,,,,,,,,,,580.0,700.0,590.0,730.0,24.0,32.0,23.0,21500.0,,,,,,,,,,,,,,,,,,,,,,,,,,,,,,,,,,,,,136.0,
228875.0,Texas Christian University,580.0,660.0,570.0,683.0,26.0,30.0,27.0,20156.0,580.0,670.0,570.0,680.0,25.0,31.0,24.0,19028.0,560.0,660.0,550.0,660.0,25.0,31.0,23.0,21145.0,,,,,,,,,580.0,680.0,560.0,680.0,26.0,31.0,27.0,16197.0,,,,,,,,,,,,,,,,,,,,,,,108.0,113.0,110.0,99.0,97.0,92.0,82.0,76.0,82.0,82.0,78.0,80.0,97.0,,83.0,89.0
230038.0,Brigham Young University,600.0,710.0,590.0,710.0,26.0,31.0,79.0,11205.0,610.0,710.0,600.0,710.0,26.0,31.0,81.0,10500.0,610.0,700.0,590.0,710.0,26.0,32.0,81.0,11292.0,,,,,,,,,640.0,728.0,640.0,740.0,27.0,32.0,79.0,10559.0,,,,,,,,,,,,,,,,,,,,,,,79.0,113.0,71.0,75.0,71.0,68.0,62.0,62.0,66.0,68.0,61.0,63.0,77.0,,79.0,89.0
230764.0,University of Utah,,,,,,,,,,,,,,,,,,,,,,,,,,,,,,,,,600.0,690.0,590.0,700.0,22.0,29.0,29.0,21072.0,,,,,,,,,,,,,,,,,,,,,,,,,,,,,,,,,,,,,99.0,105.0
231174.0,University of Vermont,600.0,680.0,580.0,680.0,26.0,31.0,18.0,21263.0,600.0,680.0,580.0,680.0,26.0,31.0,20.0,19233.0,590.0,680.0,570.0,670.0,26.0,31.0,19.0,18569.0,,,,,,,,,640.0,720.0,620.0,710.0,28.0,32.0,17.0,30231.0,,,,,,,,,,,,,,,,,,,,,,,96.0,89.0,88.0,94.0,82.0,92.0,82.0,85.0,89.0,92.0,97.0,96.0,121.0,,117.0,121.0
231624.0,College of William and Mary,660.0,730.0,650.0,760.0,30.0,33.0,29.0,14644.0,660.0,740.0,660.0,770.0,30.0,34.0,28.0,14680.0,660.0,740.0,640.0,750.0,30.0,34.0,25.0,14201.0,690.0,750.0,670.0,770.0,31.0,34.0,26.0,17475.0,695.0,750.0,680.0,770.0,32.0,34.0,27.0,18087.0,,,22.0,,,,,,,,34.0,33.0,32.0,33.0,29.0,30.0,30.0,30.0,31.0,31.0,31.0,31.0,33.0,32.0,33.0,31.0,33.0,33.0,32.0,33.0,34.0,32.0,32.0,38.0,40.0,39.0,38.0,41.0
232186.0,George Mason University,,,,,,,,,,,,,,,,,,,,,,,,,,,,,,,,,580.0,670.0,560.0,680.0,25.0,31.0,23.0,20001.0,,,,,,,,,,,,,,,,,,,,,,,,,,,,,,,,,,,,,148.0,137.0
233921.0,Virginia Polytechnic Institute and State University,590.0,680.0,590.0,710.0,25.0,31.0,30.0,31936.0,590.0,680.0,590.0,710.0,25.0,31.0,34.0,31974.0,590.0,680.0,580.0,690.0,25.0,31.0,33.0,30771.0,,,,,,,,,620.0,700.0,620.0,730.0,27.0,32.0,28.0,45321.0,,,,,,,,,,,,,,,,,,,,,,,71.0,71.0,71.0,69.0,71.0,72.0,69.0,71.0,70.0,74.0,69.0,76.0,74.0,,75.0,62.0
234076.0,University of Virginia,660.0,730.0,670.0,770.0,30.0,34.0,39.0,37182.0,670.0,740.0,670.0,780.0,30.0,34.0,40.0,40839.0,660.0,740.0,660.0,770.0,30.0,34.0,41.0,40879.0,690.0,750.0,690.0,750.0,32.0,35.0,39.0,47971.0,690.0,750.0,710.0,790.0,32.0,34.0,42.0,50926.0,,,15.0,20.0,21.0,18.0,21.0,22.0,21.0,17.0,19.0,21.0,21.0,22.0,22.0,20.0,24.0,23.0,21.0,22.0,23.0,24.0,23.0,23.0,24.0,25.0,25.0,24.0,23.0,23.0,26.0,24.0,25.0,25.0,28.0,26.0,25.0,25.0
235316.0,Gonzaga University,,,,,,,,,,,,,,,,,,,,,,,,,,,,,,,,,610.0,700.0,600.0,710.0,26.0,31.0,18.0,9887.0,,,,,,,,,,,,,,,,,,,,,,,,,,,,,,,,,,,,,79.0,83.0
236595.0,Seattle University,,,,,,,,,,,,,,,,,,,,,,,,,,,,,,,,,580.0,690.0,570.0,690.0,24.0,30.0,15.0,7934.0,,,,,,,,,,,,,,,,,,,,,,,,,,,,,,,,,,,,,127.0,137.0
236939.0,Washington State University,,,,,,,,,,,,,,,,,,,,,,,,,,,,,,,,,,,,,,,,,,,,,,,,,,,,,,,,,,,,,,,118.0,116.0,106.0,111.0,115.0,125.0,128.0,138.0,,,,,,,,
236948.0,University of Washington,600.0,700.0,620.0,760.0,27.0,32.0,32.0,45907.0,600.0,700.0,620.0,770.0,27.0,33.0,30.0,45579.0,590.0,700.0,610.0,753.0,27.0,33.0,29.0,43778.0,,,,,,,,,,,,,,,30.0,52488.0,,,,,,,,,,,50.0,42.0,,,44.0,45.0,45.0,47.0,45.0,46.0,45.0,42.0,42.0,41.0,42.0,41.0,42.0,46.0,52.0,48.0,52.0,54.0,56.0,59.0,62.0,,59.0,55.0
239105.0,Marquette University,580.0,660.0,570.0,660.0,24.0,30.0,17.0,15574.0,560.0,650.0,560.0,670.0,24.0,29.0,16.0,15078.0,580.0,660.0,580.0,680.0,25.0,30.0,13.0,15324.0,,,,,,,,,590.0,670.0,580.0,690.0,26.0,31.0,14.0,15883.0,,,,,,,,,,,,,,,,,,,,,,,82.0,77.0,84.0,75.0,82.0,83.0,75.0,76.0,86.0,86.0,90.0,89.0,84.0,,83.0,83.0
240444.0,University of Wisconsin-Madison,630.0,700.0,650.0,750.0,27.0,32.0,31.0,42727.0,630.0,700.0,670.0,780.0,27.0,32.0,32.0,43896.0,610.0,690.0,650.0,770.0,27.0,32.0,28.0,45915.0,640.0,720.0,680.0,780.0,26.0,32.0,26.0,53781.0,650.0,730.0,690.0,780.0,26.0,32.0,29.0,60214.0,13.0,,23.0,,,,,,,,32.0,41.0,38.0,36.0,34.0,35.0,32.0,31.0,32.0,32.0,34.0,34.0,38.0,35.0,39.0,45.0,42.0,41.0,41.0,47.0,41.0,44.0,46.0,49.0,46.0,42.0,42.0,38.0
243744.0,Stanford University,700.0,770.0,720.0,800.0,32.0,35.0,82.0,47452.0,700.0,770.0,740.0,800.0,32.0,35.0,82.0,47498.0,700.0,770.0,720.0,800.0,31.0,35.0,68.0,45227.0,720.0,770.0,750.0,800.0,34.0,35.0,80.0,55471.0,730.0,780.0,770.0,800.0,33.0,35.0,84.0,56378.0,1.0,1.0,1.0,6.0,6.0,2.0,3.0,4.0,6.0,5.0,4.0,6.0,5.0,4.0,6.0,6.0,5.0,4.0,5.0,5.0,5.0,4.0,4.0,4.0,4.0,5.0,5.0,6.0,5.0,4.0,4.0,5.0,5.0,7.0,6.0,6.0,6.0,3.0
243780.0,Purdue University,590.0,680.0,590.0,730.0,25.0,32.0,27.0,53722.0,590.0,690.0,600.0,750.0,25.0,32.0,25.0,55311.0,580.0,680.0,590.0,740.0,25.0,33.0,23.0,57510.0,,,,,,,,,600.0,710.0,600.0,760.0,27.0,34.0,26.0,68582.0,,,,,,,,,,,,,,,,,,,,,,,64.0,66.0,61.0,56.0,62.0,65.0,68.0,62.0,61.0,60.0,56.0,56.0,57.0,,49.0,51.0
445188.0,University of California-Merced,,,,,,,,,,,,,,,,,,,,,,,,,,,,,,,,,,,,,,,9.0,29920.0,,,,,,,,,,,,,,,,,,,,,,,,,,,,,,,,,,,,,93.0,97.0
